Epoch,NodeTrain,NetTrain,NodeValid,NetValid,Time
1,1.0070501804351806,1.0162982285022735,1.0021916627883911,0.9970473647117615,66.04
