Epoch,NodeTrain,NetTrain,NodeValid,NetValid,Time
1,1.0023595631122588,1.0073331534862517,0.9993030428886414,1.0010254383087158,57.75
